Question,Status
1,In use
2,In use
3,In use
4,In use
5,In use
6,In use
7,In use
8,In use
9,In use
10,In use
11,In use
12,In use
13,In use
14,In use
15,In use
16,In use
17,In use
18,In use
19,In use
20,In use
21,In use
22,In use
23,In use
24,In use
25,In use
26,In use
27,In use
28,In use
29,In use
30,In use
31,In use
32,In use
33,In use
34,In use
35,In use
36,In use
37,In use
38,In use
39,In use
40,In use
41,In use
42,In use
43,In use
44,In use
45,In use
46,In use
47,In use
48,In use
49,In use
50,In use
51,In use
52,In use
53,In use
54,In use
55,In use
56,In use
57,In use
58,In use
59,In use
60,In use
61,In use
62,In use
63,In use
64,In use
65,In use
66,In use
67,In use
68,In use
69,In use
70,In use
71,In use
72,In use
73,In use
74,In use
75,In use
76,In use
77,In use
78,In use
79,In use
80,In use
81,In use
82,In use
83,In use
84,In use
85,In use
86,In use
87,In use
88,In use
89,In use
90,In use
91,In use
92,In use
93,In use
94,In use
95,In use
96,In use
97,In use
98,In use
99,In use
100,In use
101,In use
102,In use
